post_id,data_hora,hora,rede_social,numero_interacoes,dia_semana,numero_posts
ps_19415,2022-12-26 17:42:00,17,Instagram,3587,Dom,13
ps_21610,2022-12-29 18:00:19,18,Instagram,1959,Qua,5
ps_44040,2023-01-02 07:14:50,7,Instagram,4478,Dom,77
ps_28015,2023-01-03 03:28:34,3,Instagram,4550,Seg,64
ps_2195,2023-01-05 19:24:24,19,Instagram,5616,Qua,24
ps_21620,2023-01-05 23:58:33,23,Instagram,6378,Qua,63
ps_30495,2023-01-06 00:56:35,0,Facebook,1773,Qui,12
ps_24720,2023-01-06 09:27:33,9,Facebook,1043,Qui,25
ps_18170,2023-01-06 20:07:05,20,TikTok,1718,Qui,92
ps_5200,2023-01-07 05:55:36,5,Facebook,5886,Sex,58
ps_16975,2023-01-08 15:21:14,15,TikTok,1172,Sáb,20
ps_47410,2023-01-09 02:18:19,2,Facebook,2390,Dom,39
ps_18150,2023-01-09 16:01:31,16,Instagram,633,Dom,49
ps_24760,2023-01-09 16:32:19,16,Facebook,3562,Dom,3
ps_2770,2023-01-09 16:58:21,16,Facebook,1242,Dom,71
ps_14295,2023-01-12 01:25:56,1,Instagram,1487,Qua,22
ps_745,2023-01-12 10:59:12,10,TikTok,1067,Qua,15
ps_41445,2023-01-12 21:32:42,21,TikTok,4514,Qua,2
ps_23255,2023-01-13 10:11:02,10,Instagram,4297,Qui,124
ps_30015,2023-01-13 15:59:36,15,Facebook,3024,Qui,17
ps_33200,2023-01-13 20:34:58,20,TikTok,3581,Qui,2
ps_11535,2023-01-13 23:30:02,23,Instagram,1867,Qui,37
ps_42980,2023-01-15 16:13:49,16,TikTok,4052,Sáb,49
ps_5530,2023-01-15 17:26:17,17,Facebook,3606,Sáb,34
ps_42330,2023-01-16 00:33:46,0,Instagram,1043,Dom,27
ps_13240,2023-01-16 17:15:45,17,Instagram,3168,Dom,53
ps_22670,2023-01-16 18:01:17,18,Facebook,4052,Dom,99
ps_21065,2023-01-16 22:51:15,22,TikTok,3267,Dom,35
ps_15295,2023-01-18 02:47:49,2,TikTok,4473,Ter,10
ps_39415,2023-01-19 03:57:29,3,TikTok,1911,Qua,52
ps_5480,2023-01-19 07:15:43,7,Instagram,5650,Qua,34
ps_38805,2023-01-20 17:56:13,17,Facebook,1845,Qui,14
ps_2295,2023-01-20 22:58:35,22,Instagram,2244,Qui,76
ps_38295,2023-01-21 02:53:41,2,Facebook,15405,Sex,58
ps_660,2023-01-21 23:34:37,23,Instagram,4710,Sex,54
ps_37835,2023-01-22 06:00:30,6,Instagram,876,Sáb,64
ps_42100,2023-01-22 11:58:33,11,Facebook,3942,Sáb,65
ps_16530,2023-01-22 23:38:45,23,Instagram,1316,Sáb,92
ps_8050,2023-01-23 04:54:26,4,Facebook,6737,Dom,59
ps_32850,2023-01-23 06:45:31,6,TikTok,1903,Dom,12
ps_29245,2023-01-23 21:39:47,21,TikTok,2218,Dom,31
ps_49915,2023-01-26 07:05:22,7,TikTok,2545,Qua,85
ps_43135,2023-01-27 00:24:59,0,Facebook,3313,Qui,90
ps_25725,2023-01-29 02:46:01,2,Instagram,959,Sáb,71
ps_38870,2023-01-29 04:50:49,4,TikTok,1579,Sáb,41
ps_49350,2023-01-29 08:21:51,8,Facebook,635,Sáb,49
ps_19000,2023-01-29 13:56:21,13,Facebook,6161,Sáb,90
ps_30425,2023-01-29 15:31:57,15,Facebook,1740,Sáb,4
ps_15855,2023-01-30 10:31:29,10,Instagram,3656,Dom,25
ps_9460,2023-02-01 02:55:09,2,TikTok,10825,Ter,22
ps_2050,2023-02-01 20:54:53,20,Instagram,6832,Ter,77
ps_42590,2023-02-02 01:16:19,1,Facebook,2164,Qua,24
ps_40380,2023-02-02 20:15:55,20,TikTok,1012,Qua,23
ps_570,2023-02-02 23:31:00,23,Instagram,1362,Qua,13
ps_28410,2023-02-03 03:52:58,3,Facebook,4835,Qui,59
ps_690,2023-02-03 23:26:58,23,Instagram,4850,Qui,79
ps_11860,2023-02-04 06:27:39,6,Instagram,3034,Sex,54
ps_17465,2023-02-04 12:59:43,12,Facebook,5625,Sex,51
ps_45305,2023-02-05 13:23:48,13,TikTok,724,Sáb,13
ps_48465,2023-02-05 16:33:54,16,TikTok,4703,Sáb,89
ps_10400,2023-02-06 17:32:34,17,Facebook,4737,Dom,86
ps_45270,2023-02-06 19:00:25,19,Facebook,1124,Dom,105
ps_6450,2023-02-07 06:18:40,6,Instagram,6515,Seg,21
ps_47965,2023-02-09 07:11:34,7,Instagram,3028,Qua,5
ps_7710,2023-02-10 01:35:18,1,TikTok,602,Qui,63
ps_20315,2023-02-10 04:54:22,4,Facebook,6770,Qui,28
ps_24355,2023-02-12 15:57:29,15,Facebook,4613,Sáb,24
ps_26935,2023-02-12 19:18:51,19,Instagram,3552,Sáb,10
ps_40145,2023-02-13 15:23:47,15,Instagram,672,Dom,31
ps_5860,2023-02-13 21:01:35,21,TikTok,3417,Dom,79
ps_32930,2023-02-14 16:31:39,16,TikTok,12228,Seg,13
ps_36030,2023-02-15 06:39:54,6,TikTok,12620,Ter,60
ps_14800,2023-02-15 10:30:37,10,Instagram,14879,Ter,57
ps_35070,2023-02-16 07:11:04,7,TikTok,1762,Qua,17
ps_23800,2023-02-16 16:13:47,16,TikTok,1790,Qua,74
ps_49775,2023-02-16 21:16:42,21,Facebook,4070,Qua,6
ps_28285,2023-02-16 21:43:58,21,Instagram,1744,Qua,10
ps_345,2023-02-17 02:18:45,2,Facebook,3252,Qui,35
ps_19320,2023-02-17 13:48:42,13,TikTok,3538,Qui,0
ps_24550,2023-02-17 18:03:46,18,Facebook,2389,Qui,20
ps_25145,2023-02-17 18:12:35,18,Facebook,4657,Qui,58
ps_22865,2023-02-17 21:51:12,21,Facebook,850,Qui,70
ps_4665,2023-02-19 00:08:48,0,TikTok,2374,Sáb,55
ps_14970,2023-02-20 06:31:28,6,Facebook,5982,Dom,17
ps_39200,2023-02-20 15:55:08,15,Facebook,5516,Dom,108
ps_1380,2023-02-23 02:57:58,2,TikTok,1786,Qua,85
ps_36805,2023-02-23 07:27:42,7,TikTok,2973,Qua,39
ps_21055,2023-02-24 03:41:50,3,Instagram,691,Qui,40
ps_39170,2023-02-24 05:16:04,5,TikTok,714,Qui,53
ps_11475,2023-02-24 11:00:27,11,Facebook,1017,Qui,32
ps_19665,2023-02-24 14:17:27,14,Facebook,2931,Qui,65
ps_1450,2023-02-25 16:04:49,16,TikTok,2755,Sex,84
ps_17850,2023-02-26 07:55:40,7,Instagram,2216,Sáb,76
ps_1120,2023-02-26 16:09:49,16,Facebook,536,Sáb,9
ps_17995,2023-03-02 12:39:25,12,TikTok,4772,Qua,63
ps_10210,2023-03-03 02:46:20,2,Facebook,3122,Qui,100
ps_30290,2023-03-03 03:28:08,3,TikTok,3042,Qui,53
ps_39440,2023-03-03 17:15:36,17,TikTok,682,Qui,52
ps_6175,2023-03-03 21:35:03,21,Facebook,2239,Qui,51
ps_23080,2023-03-04 20:43:25,20,Instagram,16940,Sex,99
ps_49305,2023-03-05 09:47:19,9,TikTok,972,Sáb,47
ps_11785,2023-03-05 13:37:04,13,Instagram,3089,Sáb,6
ps_36770,2023-03-05 21:41:04,21,TikTok,7222,Sáb,12
ps_42495,2023-03-07 05:36:02,5,Facebook,3984,Seg,52
ps_28185,2023-03-09 00:42:17,0,Instagram,2394,Qua,78
ps_18645,2023-03-09 05:00:36,5,Instagram,1168,Qua,37
ps_22920,2023-03-09 11:02:35,11,TikTok,1773,Qua,60
ps_9745,2023-03-10 17:46:30,17,Instagram,5058,Qui,10
ps_33440,2023-03-12 00:07:50,0,TikTok,2418,Sáb,18
ps_49025,2023-03-12 05:07:22,5,TikTok,1620,Sáb,10
ps_38455,2023-03-12 23:05:49,23,Instagram,5703,Sáb,8
ps_22150,2023-03-13 08:06:43,8,TikTok,1221,Dom,33
ps_16950,2023-03-13 09:01:48,9,TikTok,4156,Dom,39
ps_26710,2023-03-13 23:54:45,23,TikTok,6063,Dom,13
ps_2980,2023-03-14 13:41:27,13,Facebook,19782,Seg,126
ps_11995,2023-03-15 08:12:27,8,Instagram,12358,Ter,11
ps_26150,2023-03-16 07:05:52,7,Facebook,6146,Qua,110
ps_30805,2023-03-17 21:16:38,21,Facebook,2220,Qui,5
ps_7735,2023-03-18 19:46:03,19,Instagram,10907,Sex,107
ps_36860,2023-03-19 04:14:31,4,Facebook,4221,Sáb,29
ps_18670,2023-03-19 10:25:13,10,Instagram,3377,Sáb,24
ps_37530,2023-03-20 01:25:40,1,TikTok,1170,Dom,73
ps_24775,2023-03-20 23:52:45,23,Instagram,4169,Dom,40
ps_30050,2023-03-23 01:06:03,1,TikTok,7084,Qua,46
ps_12450,2023-03-23 05:56:51,5,TikTok,1436,Qua,81
ps_20540,2023-03-23 09:36:19,9,Facebook,1474,Qua,35
ps_20200,2023-03-24 10:53:13,10,Instagram,3972,Qui,14
ps_21360,2023-03-26 02:39:42,2,Instagram,4832,Sáb,30
ps_6910,2023-03-26 07:26:44,7,TikTok,6975,Sáb,54
ps_4160,2023-03-26 20:20:20,20,TikTok,4399,Sáb,39
ps_28855,2023-03-28 03:18:00,3,Instagram,15036,Seg,76
ps_21345,2023-03-29 02:51:07,2,Instagram,9613,Ter,84
ps_31025,2023-03-30 10:17:38,10,TikTok,5957,Qua,8
ps_16045,2023-03-31 13:52:43,13,Instagram,1492,Qui,112
ps_4180,2023-03-31 16:53:52,16,TikTok,4930,Qui,53
ps_40685,2023-04-02 00:26:09,0,Instagram,2684,Sáb,30
ps_11095,2023-04-02 03:45:37,3,Facebook,3621,Sáb,72
ps_20390,2023-04-02 10:12:38,10,Instagram,4614,Sáb,30
ps_31850,2023-04-03 12:01:36,12,Facebook,3241,Dom,13
ps_25980,2023-04-03 13:49:35,13,Instagram,3330,Dom,28
ps_30810,2023-04-03 20:40:45,20,Instagram,2022,Dom,45
ps_5925,2023-04-04 16:11:44,16,TikTok,3779,Seg,74
ps_29695,2023-04-06 07:49:10,7,TikTok,2079,Qua,65
ps_12445,2023-04-07 03:56:26,3,TikTok,6524,Qui,12
ps_1100,2023-04-07 06:13:04,6,TikTok,2937,Qui,46
ps_21645,2023-04-07 09:42:56,9,Instagram,2981,Qui,18
ps_36375,2023-04-07 16:17:35,16,Facebook,1949,Qui,20
ps_31485,2023-04-08 17:04:35,17,Instagram,6270,Sex,47
ps_22610,2023-04-09 13:01:51,13,TikTok,2872,Sáb,23
ps_48645,2023-04-09 22:08:02,22,Instagram,600,Sáb,63
ps_26110,2023-04-10 17:33:24,17,TikTok,5724,Dom,34
ps_38695,2023-04-14 01:27:49,1,TikTok,4930,Qui,79
ps_25990,2023-04-14 04:20:12,4,Facebook,1384,Qui,50
ps_19260,2023-04-14 09:19:49,9,Facebook,1434,Qui,34
ps_15150,2023-04-14 09:24:11,9,Facebook,3305,Qui,24
ps_10540,2023-04-14 11:35:07,11,Instagram,1504,Qui,66
ps_48915,2023-04-15 09:26:39,9,Facebook,13076,Sex,23
ps_4575,2023-04-16 04:54:33,4,TikTok,2306,Sáb,3
ps_40155,2023-04-16 06:38:16,6,Instagram,4205,Sáb,32
ps_23915,2023-04-16 16:56:44,16,TikTok,3301,Sáb,56
ps_22680,2023-04-16 19:08:45,19,Instagram,1252,Sáb,78
ps_9940,2023-04-18 05:38:33,5,TikTok,11592,Seg,50
ps_36125,2023-04-18 06:04:01,6,Facebook,8104,Seg,73
ps_28700,2023-04-19 15:27:05,15,Instagram,2974,Ter,47
ps_37170,2023-04-20 00:46:52,0,TikTok,2355,Qua,44
ps_3465,2023-04-20 14:43:08,14,Facebook,907,Qua,78
ps_3570,2023-04-21 14:17:53,14,Facebook,3218,Qui,9
ps_21455,2023-04-21 19:16:59,19,Instagram,701,Qui,47
ps_33935,2023-04-21 23:36:22,23,Instagram,2594,Qui,28
ps_49930,2023-04-22 11:57:14,11,Instagram,16969,Sex,79
ps_46120,2023-04-23 02:04:38,2,Facebook,3952,Sáb,31
ps_9815,2023-04-23 14:43:11,14,TikTok,4236,Sáb,36
ps_29815,2023-04-23 15:49:40,15,Instagram,2138,Sáb,64
ps_46155,2023-04-23 19:18:46,19,Facebook,3081,Sáb,59
ps_18070,2023-04-23 23:35:27,23,Instagram,4055,Sáb,83
ps_32885,2023-04-24 09:58:01,9,TikTok,882,Dom,78
ps_32445,2023-04-24 13:21:25,13,Instagram,1627,Dom,125
ps_31030,2023-04-25 08:06:42,8,Instagram,13329,Seg,37
ps_23210,2023-04-25 14:56:21,14,Facebook,7953,Seg,74
ps_1980,2023-04-25 18:13:09,18,Facebook,10750,Seg,65
ps_45310,2023-04-26 10:00:42,10,TikTok,1996,Ter,20
ps_38305,2023-04-27 01:13:20,1,Instagram,2890,Qua,13
ps_42945,2023-04-27 20:07:20,20,Instagram,1374,Qua,47
ps_9705,2023-04-28 01:02:29,1,Instagram,5663,Qui,40
ps_31100,2023-04-28 07:18:52,7,Facebook,3481,Qui,112
ps_9350,2023-04-28 10:51:06,10,Facebook,3441,Qui,4
ps_39265,2023-04-28 18:00:10,18,Facebook,5092,Qui,13
ps_24825,2023-04-30 04:37:45,4,Facebook,2300,Sáb,8
ps_4830,2023-04-30 06:32:27,6,Instagram,2097,Sáb,39
ps_40535,2023-04-30 19:50:06,19,TikTok,5014,Sáb,74
ps_17390,2023-05-01 12:37:37,12,TikTok,3404,Dom,12
ps_13105,2023-05-01 15:18:43,15,Facebook,2187,Dom,70
ps_46635,2023-05-02 20:49:38,20,Facebook,9159,Seg,5
ps_15985,2023-05-04 03:57:12,3,Instagram,8010,Qua,67
ps_34065,2023-05-04 23:47:26,23,Instagram,889,Qua,86
ps_19775,2023-05-05 01:21:36,1,Facebook,2834,Qui,51
ps_34590,2023-05-05 02:26:34,2,TikTok,3154,Qui,74
ps_41750,2023-05-05 14:25:28,14,Instagram,2864,Qui,26
ps_22620,2023-05-06 01:34:31,1,Instagram,15343,Sex,16
ps_45010,2023-05-06 08:54:16,8,TikTok,6148,Sex,25
ps_49100,2023-05-07 10:37:46,10,Facebook,2203,Sáb,7
ps_24820,2023-05-07 12:44:07,12,TikTok,3971,Sáb,41
ps_12080,2023-05-07 16:03:07,16,Facebook,1840,Sáb,70
ps_45550,2023-05-08 09:13:59,9,TikTok,4432,Dom,114
ps_8085,2023-05-08 14:39:22,14,Facebook,3188,Dom,32
ps_22170,2023-05-08 18:30:43,18,Facebook,7851,Dom,52
ps_20840,2023-05-08 21:15:40,21,TikTok,5054,Dom,86
ps_11580,2023-05-10 18:11:11,18,Instagram,20171,Ter,30
ps_12570,2023-05-11 21:12:07,21,Facebook,2598,Qua,27
ps_8710,2023-05-11 22:37:38,22,Facebook,6407,Qua,122
ps_41585,2023-05-14 03:57:26,3,Instagram,2838,Sáb,14
ps_38915,2023-05-14 05:07:44,5,Facebook,2506,Sáb,55
ps_26650,2023-05-14 05:57:09,5,TikTok,4167,Sáb,56
ps_1720,2023-05-14 09:13:10,9,Instagram,5014,Sáb,57
ps_30995,2023-05-14 10:48:28,10,TikTok,2847,Sáb,48
ps_23445,2023-05-14 15:05:18,15,Instagram,695,Sáb,32
ps_5035,2023-05-14 18:44:08,18,Facebook,5377,Sáb,118
ps_35205,2023-05-15 18:19:00,18,TikTok,3937,Dom,49
ps_2955,2023-05-15 18:35:20,18,TikTok,2991,Dom,55
ps_18580,2023-05-17 09:40:24,9,Facebook,4122,Ter,22
ps_4565,2023-05-18 13:43:00,13,Instagram,1420,Qua,64
ps_31275,2023-05-18 20:01:49,20,TikTok,1937,Qua,99
ps_34990,2023-05-19 02:30:04,2,TikTok,1471,Qui,97
ps_40345,2023-05-19 02:36:16,2,Facebook,634,Qui,35
ps_42160,2023-05-19 13:30:37,13,Instagram,914,Qui,56
ps_42310,2023-05-21 04:18:07,4,Instagram,3417,Sáb,93
ps_18545,2023-05-21 18:57:01,18,Facebook,1143,Sáb,55
ps_11675,2023-05-22 12:01:26,12,TikTok,2959,Dom,24
ps_27350,2023-05-22 15:35:28,15,TikTok,1895,Dom,32
ps_47600,2023-05-22 16:12:55,16,Facebook,1201,Dom,49
ps_37395,2023-05-22 18:16:55,18,Facebook,1485,Dom,34
ps_26810,2023-05-25 04:47:23,4,Instagram,5765,Qua,19
ps_41340,2023-05-25 12:00:19,12,Instagram,2282,Qua,70
ps_3485,2023-05-26 07:00:31,7,Instagram,4847,Qui,69
ps_48635,2023-05-26 21:47:59,21,TikTok,3948,Qui,41
ps_48245,2023-05-28 14:29:31,14,TikTok,4475,Sáb,39
ps_9740,2023-05-29 01:19:41,1,TikTok,3054,Dom,45
ps_1305,2023-05-29 02:14:40,2,TikTok,2346,Dom,57
ps_11875,2023-05-29 08:51:41,8,Instagram,5595,Dom,54
ps_20900,2023-05-30 03:04:01,3,TikTok,2911,Seg,24
ps_30035,2023-05-30 16:13:40,16,Facebook,6429,Seg,69
ps_46110,2023-06-01 09:07:06,9,Facebook,6797,Qua,12
ps_13255,2023-06-01 19:11:01,19,TikTok,3386,Qua,55
ps_37515,2023-06-02 00:13:45,0,TikTok,4183,Qui,56
ps_6495,2023-06-02 09:48:04,9,Instagram,4841,Qui,38
ps_3925,2023-06-02 11:44:08,11,Instagram,3378,Qui,12
ps_7740,2023-06-02 12:01:42,12,TikTok,1737,Qui,25
ps_25570,2023-06-03 04:08:48,4,Instagram,6443,Sex,15
ps_18675,2023-06-03 06:24:12,6,TikTok,4557,Sex,33
ps_7730,2023-06-03 10:51:27,10,TikTok,5559,Sex,113
ps_46215,2023-06-03 11:30:45,11,Instagram,8200,Sex,21
ps_37195,2023-06-04 01:46:20,1,Instagram,5185,Sáb,32
ps_1400,2023-06-04 02:54:06,2,TikTok,4899,Sáb,56
ps_39395,2023-06-06 16:11:55,16,TikTok,4184,Seg,38
ps_20970,2023-06-06 19:20:46,19,TikTok,3814,Seg,12
ps_170,2023-06-08 02:20:20,2,Facebook,2560,Qua,57
ps_32975,2023-06-08 03:21:36,3,Instagram,2889,Qua,49
ps_12100,2023-06-08 03:47:29,3,Instagram,1013,Qua,17
ps_7185,2023-06-08 12:28:53,12,Instagram,2064,Qua,102
ps_12705,2023-06-08 18:50:42,18,Facebook,1379,Qua,99
ps_18685,2023-06-08 21:32:29,21,Instagram,1925,Qua,23
ps_47320,2023-06-11 15:03:02,15,Instagram,5727,Sáb,20
ps_23220,2023-06-11 19:52:01,19,TikTok,801,Sáb,126
ps_10265,2023-06-12 23:52:46,23,Facebook,3503,Dom,52
ps_18990,2023-06-13 18:42:37,18,Facebook,2530,Seg,116
ps_20255,2023-06-14 02:58:18,2,Facebook,5853,Ter,50
ps_8435,2023-06-15 03:52:53,3,Facebook,4291,Qua,51
ps_9470,2023-06-15 05:27:30,5,Instagram,724,Qua,71
ps_9790,2023-06-15 08:03:42,8,TikTok,443,Qua,12
ps_38420,2023-06-15 12:48:27,12,Facebook,462,Qua,8
ps_31735,2023-06-16 22:26:43,22,Instagram,3551,Qui,41
ps_49425,2023-06-18 05:43:26,5,TikTok,7421,Sáb,21
ps_26995,2023-06-18 17:02:21,17,TikTok,1673,Sáb,30
ps_22155,2023-06-21 00:14:04,0,TikTok,9304,Ter,37
ps_1440,2023-06-22 11:14:33,11,TikTok,4857,Qua,51
ps_4300,2023-06-22 16:23:27,16,Facebook,5884,Qua,27
ps_46105,2023-06-23 08:00:59,8,Facebook,6204,Qui,59
ps_5360,2023-06-23 21:27:19,21,TikTok,5555,Qui,4
ps_32140,2023-06-24 10:55:21,10,Facebook,9016,Sex,60
ps_39335,2023-06-26 09:12:06,9,Facebook,1012,Dom,46
ps_28915,2023-06-29 19:43:22,19,Instagram,2257,Qua,27
ps_1550,2023-06-30 02:31:14,2,TikTok,2371,Qui,36
ps_48960,2023-06-30 04:56:11,4,Instagram,1367,Qui,63
ps_7030,2023-06-30 14:05:20,14,Facebook,2799,Qui,80
ps_42390,2023-06-30 14:22:56,14,Instagram,7631,Qui,77
ps_4040,2023-07-01 06:57:47,6,Instagram,19086,Sex,37
ps_44495,2023-07-02 04:59:04,4,Facebook,4757,Sáb,127
ps_19185,2023-07-03 21:09:08,21,TikTok,1089,Dom,46
ps_22605,2023-07-03 23:26:11,23,TikTok,2345,Dom,88
ps_47700,2023-07-05 07:10:55,7,Instagram,12295,Ter,49
ps_11820,2023-07-05 22:10:20,22,TikTok,11764,Ter,15
ps_37560,2023-07-07 04:50:24,4,Facebook,2172,Qui,104
ps_18530,2023-07-07 17:42:55,17,Facebook,1883,Qui,97
ps_38465,2023-07-09 14:50:33,14,Instagram,2896,Sáb,78
ps_3900,2023-07-10 01:06:13,1,Instagram,904,Dom,30
ps_14875,2023-07-10 18:01:27,18,Instagram,577,Dom,26
ps_235,2023-07-11 00:07:22,0,TikTok,16045,Seg,73
ps_41790,2023-07-13 17:05:29,17,TikTok,3401,Qua,7
ps_36055,2023-07-13 23:45:18,23,Facebook,3752,Qua,104
ps_150,2023-07-14 09:33:40,9,Instagram,2316,Qui,46
ps_5935,2023-07-15 15:21:00,15,TikTok,6481,Sex,30
ps_35655,2023-07-16 02:22:03,2,Instagram,4469,Sáb,12
ps_7320,2023-07-16 04:56:52,4,Facebook,898,Sáb,15
ps_10410,2023-07-16 12:49:14,12,Instagram,1751,Sáb,3
ps_46595,2023-07-17 11:46:07,11,Instagram,1314,Dom,115
ps_45465,2023-07-17 18:45:19,18,Instagram,1502,Dom,18
ps_42595,2023-07-18 22:14:36,22,TikTok,9530,Seg,31
ps_36915,2023-07-19 12:47:54,12,Facebook,8241,Ter,58
ps_48250,2023-07-20 04:35:04,4,Facebook,5228,Qua,111
ps_13540,2023-07-20 04:49:27,4,Instagram,969,Qua,13
ps_19045,2023-07-20 06:00:51,6,TikTok,4951,Qua,9
ps_31525,2023-07-20 18:17:58,18,Facebook,3532,Qua,68
ps_35545,2023-07-21 23:51:57,23,Instagram,3537,Qui,88
ps_3435,2023-07-23 14:48:58,14,Instagram,3672,Sáb,19
ps_5825,2023-07-23 18:22:00,18,Instagram,1861,Sáb,94
ps_23075,2023-07-23 23:51:02,23,TikTok,1636,Sáb,109
ps_31080,2023-07-24 01:33:54,1,Facebook,4441,Dom,47
ps_19015,2023-07-24 17:37:03,17,TikTok,617,Dom,3
ps_9800,2023-07-28 01:48:53,1,Instagram,3399,Qui,97
ps_33065,2023-07-28 04:34:45,4,Instagram,404,Qui,9
ps_34880,2023-07-28 09:52:00,9,Instagram,3364,Qui,34
ps_23700,2023-07-28 11:39:56,11,Facebook,4303,Qui,108
ps_16255,2023-07-29 16:57:51,16,Instagram,22661,Sex,69
ps_27080,2023-07-30 03:31:07,3,Facebook,3546,Sáb,79
ps_37670,2023-07-30 17:59:42,17,TikTok,3383,Sáb,19
ps_48275,2023-07-30 22:33:49,22,Facebook,4518,Sáb,53
ps_13545,2023-07-31 02:44:34,2,Facebook,1741,Dom,71
ps_27710,2023-07-31 19:15:10,19,TikTok,2501,Dom,54
ps_8610,2023-08-02 01:42:29,1,Facebook,8147,Ter,55
ps_22810,2023-08-02 17:10:43,17,TikTok,10811,Ter,42
ps_9040,2023-08-03 09:53:46,9,Facebook,1779,Qua,77
ps_45075,2023-08-04 00:03:40,0,TikTok,1927,Qui,47
ps_22525,2023-08-04 15:55:28,15,Instagram,4722,Qui,25
ps_19130,2023-08-06 02:30:02,2,TikTok,682,Sáb,61
ps_1630,2023-08-06 06:15:11,6,Instagram,2258,Sáb,44
ps_9955,2023-08-06 07:22:50,7,Facebook,1399,Sáb,40
ps_4625,2023-08-07 04:02:55,4,Facebook,1335,Dom,30
ps_20895,2023-08-08 02:50:07,2,Facebook,15746,Seg,74
ps_34005,2023-08-10 10:18:55,10,Instagram,1985,Qua,116
ps_33375,2023-08-10 15:20:03,15,Instagram,578,Qua,34
ps_45835,2023-08-11 12:26:29,12,Instagram,2169,Qui,41
ps_16335,2023-08-11 18:51:11,18,Facebook,5333,Qui,66
ps_47715,2023-08-11 21:14:56,21,Instagram,4622,Qui,25
ps_37640,2023-08-13 10:13:15,10,TikTok,2220,Sáb,51
ps_6330,2023-08-14 08:27:56,8,TikTok,5041,Dom,6
ps_6310,2023-08-14 22:12:11,22,Facebook,3160,Dom,43
ps_16320,2023-08-15 16:08:14,16,TikTok,15129,Seg,61
ps_28085,2023-08-16 23:38:53,23,Facebook,9744,Ter,47
ps_8600,2023-08-17 00:39:54,0,Facebook,5557,Qua,27
ps_405,2023-08-17 08:09:43,8,Instagram,3913,Qua,2
ps_25765,2023-08-17 18:13:50,18,TikTok,2563,Qua,8
ps_15335,2023-08-17 18:31:31,18,Facebook,1000,Qua,24
ps_19440,2023-08-20 00:12:39,0,Instagram,2440,Sáb,48
ps_39620,2023-08-20 01:30:53,1,TikTok,1665,Sáb,5
ps_4655,2023-08-20 12:46:56,12,TikTok,4820,Sáb,68
ps_10275,2023-08-20 15:49:21,15,Facebook,6345,Sáb,36
ps_41640,2023-08-20 18:41:34,18,Instagram,5203,Sáb,93
ps_3380,2023-08-20 18:50:44,18,Facebook,1588,Sáb,26
ps_13315,2023-08-20 21:10:29,21,Facebook,2782,Sáb,27
ps_6375,2023-08-21 05:11:57,5,TikTok,6038,Dom,111
ps_7925,2023-08-22 03:59:12,3,Facebook,11323,Seg,70
ps_4615,2023-08-23 06:13:42,6,Facebook,5681,Ter,31
ps_38930,2023-08-24 08:41:00,8,Facebook,2407,Qua,38
ps_44650,2023-08-24 12:43:38,12,Instagram,1675,Qua,57
ps_33665,2023-08-24 20:25:39,20,TikTok,2827,Qua,2
ps_21170,2023-08-24 21:59:15,21,Facebook,3437,Qua,35
ps_6340,2023-08-25 00:32:03,0,Instagram,4049,Qui,52
ps_43945,2023-08-25 02:31:56,2,Instagram,4588,Qui,72
ps_4715,2023-08-25 11:46:27,11,TikTok,3578,Qui,15
ps_505,2023-08-26 21:51:37,21,TikTok,2002,Sex,98
ps_22660,2023-08-27 05:57:47,5,TikTok,5021,Sáb,80
ps_30700,2023-08-27 07:15:57,7,Instagram,1560,Sáb,13
ps_13515,2023-08-28 02:13:04,2,Instagram,5209,Dom,18
ps_8785,2023-08-28 03:27:38,3,Instagram,4619,Dom,41
ps_20190,2023-08-28 11:27:56,11,TikTok,1795,Dom,64
ps_43040,2023-08-28 11:49:23,11,Instagram,2676,Dom,98
ps_8685,2023-08-28 19:23:56,19,Facebook,5217,Dom,100
ps_21340,2023-08-31 09:01:37,9,Instagram,2406,Qua,24
ps_28975,2023-08-31 09:43:52,9,TikTok,3383,Qua,75
ps_36730,2023-08-31 17:00:37,17,TikTok,3759,Qua,59
ps_35815,2023-08-31 18:30:58,18,Facebook,3447,Qua,11
ps_420,2023-09-01 03:02:58,3,Instagram,1449,Qui,67
ps_22725,2023-09-01 20:36:30,20,TikTok,5130,Qui,4
ps_41880,2023-09-03 05:06:34,5,Facebook,5888,Sáb,47
ps_17170,2023-09-03 14:57:14,14,Facebook,4586,Sáb,50
ps_39790,2023-09-03 20:31:54,20,Facebook,1996,Sáb,7
ps_15440,2023-09-03 22:52:28,22,Instagram,5763,Sáb,79
ps_31965,2023-09-04 09:26:35,9,Facebook,1841,Dom,16
ps_2920,2023-09-04 13:23:49,13,Instagram,3888,Dom,8
ps_25665,2023-09-04 13:53:34,13,Facebook,4554,Dom,53
ps_24780,2023-09-04 16:27:19,16,TikTok,6490,Dom,17
ps_1695,2023-09-05 05:34:35,5,Facebook,8456,Seg,4
ps_29740,2023-09-05 09:10:42,9,Instagram,10355,Seg,89
ps_24965,2023-09-06 03:07:34,3,Instagram,9378,Ter,18
ps_24290,2023-09-07 03:34:10,3,TikTok,4385,Qua,14
ps_36320,2023-09-07 06:06:40,6,Facebook,4083,Qua,88
ps_31555,2023-09-07 07:29:17,7,Instagram,1047,Qua,57
ps_48380,2023-09-07 16:32:56,16,Facebook,4242,Qua,62
ps_19425,2023-09-07 20:20:15,20,Facebook,4833,Qua,69
ps_7385,2023-09-08 00:26:08,0,Facebook,797,Qui,100
ps_225,2023-09-08 16:04:22,16,Facebook,3108,Qui,14
ps_10590,2023-09-09 05:50:27,5,Facebook,14397,Sex,93
ps_5310,2023-09-10 06:12:11,6,Instagram,1726,Sáb,10
ps_44300,2023-09-10 10:52:51,10,Facebook,3888,Sáb,82
ps_46615,2023-09-10 23:39:27,23,Instagram,1362,Sáb,40
ps_34560,2023-09-11 15:00:00,15,TikTok,1090,Dom,41
ps_31515,2023-09-11 22:09:40,22,TikTok,1932,Dom,49
ps_31250,2023-09-13 02:06:43,2,Instagram,19437,Ter,110
ps_16860,2023-09-13 04:58:34,4,Instagram,6370,Ter,22
ps_34505,2023-09-14 02:18:05,2,Instagram,1276,Qua,58
ps_10475,2023-09-14 04:45:28,4,Instagram,1864,Qua,63
ps_44030,2023-09-14 15:20:40,15,Facebook,3489,Qua,43
ps_13910,2023-09-15 01:41:06,1,Facebook,3308,Qui,30
ps_33520,2023-09-15 04:53:53,4,Facebook,5305,Qui,39
ps_21330,2023-09-15 09:25:38,9,Facebook,1578,Qui,112
ps_28600,2023-09-15 19:49:53,19,Instagram,1256,Qui,51
ps_17105,2023-09-16 04:29:28,4,Facebook,9387,Sex,39
ps_39685,2023-09-18 12:30:32,12,Instagram,3640,Dom,16
ps_49895,2023-09-19 13:37:38,13,Instagram,13447,Seg,27
ps_22395,2023-09-19 20:58:06,20,Instagram,5976,Seg,48
ps_19205,2023-09-20 00:53:27,0,TikTok,3800,Ter,53
ps_33565,2023-09-20 13:09:05,13,Instagram,21066,Ter,10
ps_4885,2023-09-21 08:39:07,8,Facebook,4158,Qua,41
ps_29350,2023-09-21 16:24:35,16,Facebook,4516,Qua,13
ps_40735,2023-09-21 19:36:05,19,Facebook,1991,Qua,61
ps_24840,2023-09-22 08:08:38,8,TikTok,1895,Qui,22
ps_4485,2023-09-22 18:32:18,18,TikTok,4572,Qui,54
ps_44015,2023-09-24 05:43:45,5,Facebook,6864,Sáb,66
ps_34285,2023-09-24 06:28:33,6,Instagram,2211,Sáb,115
ps_17950,2023-09-24 07:35:58,7,Facebook,1062,Sáb,74
ps_34570,2023-09-24 16:54:54,16,Instagram,5946,Sáb,23
ps_1310,2023-09-24 23:39:41,23,TikTok,2160,Sáb,4
ps_37105,2023-09-28 08:50:44,8,Instagram,4181,Qua,28
ps_34690,2023-09-29 02:04:14,2,TikTok,7355,Qui,73
ps_41485,2023-09-29 05:33:57,5,Facebook,932,Qui,80
ps_47470,2023-09-29 10:43:03,10,Instagram,3599,Qui,40
ps_9695,2023-09-29 11:28:08,11,TikTok,3710,Qui,101
ps_43050,2023-09-29 19:37:01,19,Instagram,4051,Qui,102
ps_17535,2023-10-01 07:01:09,7,TikTok,6758,Sáb,109
ps_45570,2023-10-01 19:46:41,19,Facebook,2576,Sáb,16
ps_32635,2023-10-04 20:14:32,20,Instagram,4994,Ter,26
ps_23505,2023-10-05 01:50:57,1,TikTok,1376,Qua,15
ps_39615,2023-10-06 06:35:17,6,TikTok,1038,Qui,103
ps_29660,2023-10-06 19:46:34,19,Facebook,6325,Qui,19
ps_2995,2023-10-06 20:15:25,20,Instagram,1487,Qui,59
ps_40370,2023-10-07 19:03:48,19,TikTok,10751,Sex,30
ps_38375,2023-10-08 05:07:45,5,Instagram,6048,Sáb,7
ps_30525,2023-10-08 07:31:20,7,Facebook,3730,Sáb,82
ps_17385,2023-10-08 18:04:10,18,TikTok,2070,Sáb,25
ps_40740,2023-10-09 03:45:07,3,Facebook,2122,Dom,47
ps_5375,2023-10-09 11:41:01,11,Facebook,1277,Dom,59
ps_14280,2023-10-13 06:06:27,6,Instagram,4610,Qui,37
ps_11935,2023-10-13 13:09:19,13,Facebook,3224,Qui,5
ps_6320,2023-10-13 13:36:25,13,Facebook,4089,Qui,84
ps_49655,2023-10-13 14:00:23,14,Facebook,4279,Qui,32
ps_15395,2023-10-13 22:30:10,22,Instagram,993,Qui,36
ps_16145,2023-10-14 09:38:44,9,Instagram,7323,Sex,92
ps_43670,2023-10-15 19:49:05,19,TikTok,5819,Sáb,88
ps_43420,2023-10-15 21:55:54,21,TikTok,3785,Sáb,8
ps_19210,2023-10-16 10:38:37,10,Facebook,3298,Dom,120
ps_12825,2023-10-16 22:11:48,22,Instagram,763,Dom,79
ps_40925,2023-10-17 05:32:23,5,Facebook,4661,Seg,102
ps_23815,2023-10-18 23:31:33,23,TikTok,15327,Ter,32
ps_49780,2023-10-19 17:42:48,17,Instagram,2480,Qua,33
ps_31920,2023-10-20 10:57:42,10,Facebook,4693,Qui,119
ps_11295,2023-10-20 12:30:00,12,TikTok,5752,Qui,27
ps_22145,2023-10-20 16:29:33,16,TikTok,4969,Qui,38
ps_14680,2023-10-22 10:16:16,10,Instagram,6786,Sáb,63
ps_34180,2023-10-22 12:03:32,12,Instagram,735,Sáb,67
ps_805,2023-10-22 17:22:04,17,Instagram,755,Sáb,88
ps_35870,2023-10-23 19:51:41,19,Instagram,5547,Dom,47
ps_3455,2023-10-23 21:36:13,21,Instagram,1009,Dom,78
ps_21950,2023-10-23 21:56:35,21,TikTok,3894,Dom,87
ps_21415,2023-10-27 07:03:13,7,Facebook,2720,Qui,83
ps_38680,2023-10-28 04:09:10,4,Facebook,5243,Sex,5
ps_1085,2023-10-28 05:36:16,5,Instagram,11763,Sex,47
ps_30590,2023-10-29 10:48:10,10,Instagram,993,Sáb,11
ps_31345,2023-10-30 13:05:58,13,Facebook,3367,Dom,70
ps_8670,2023-10-31 03:24:05,3,TikTok,3393,Seg,60
ps_20740,2023-11-01 08:12:24,8,Instagram,10072,Ter,81
ps_21565,2023-11-02 00:06:01,0,TikTok,2017,Qua,64
ps_48155,2023-11-03 15:53:12,15,Instagram,5191,Qui,29
ps_40320,2023-11-04 03:13:19,3,Instagram,8572,Sex,33
ps_23715,2023-11-04 03:56:50,3,Facebook,15676,Sex,103
ps_2430,2023-11-05 10:03:44,10,Instagram,513,Sáb,85
ps_10640,2023-11-05 21:52:28,21,Facebook,1606,Sáb,10
ps_46915,2023-11-06 00:12:21,0,Facebook,1700,Dom,26
ps_15015,2023-11-06 17:55:16,17,Instagram,8231,Dom,110
ps_40170,2023-11-06 18:56:11,18,TikTok,636,Dom,77
ps_19030,2023-11-07 01:23:37,1,Instagram,5365,Seg,101
ps_10805,2023-11-08 13:54:02,13,TikTok,17274,Ter,23
ps_33765,2023-11-09 17:54:55,17,Facebook,1427,Qua,67
ps_23305,2023-11-10 03:32:23,3,TikTok,2649,Qui,8
ps_46895,2023-11-13 03:28:34,3,Instagram,676,Dom,40
ps_36270,2023-11-16 04:44:00,4,Instagram,3230,Qua,75
ps_43990,2023-11-17 08:09:38,8,Facebook,2017,Qui,63
ps_4135,2023-11-17 12:51:35,12,Instagram,2837,Qui,76
ps_38240,2023-11-17 19:28:42,19,Instagram,3321,Qui,31
ps_44190,2023-11-19 06:48:09,6,TikTok,2841,Sáb,93
ps_41815,2023-11-19 14:11:34,14,Facebook,4259,Sáb,27
ps_31570,2023-11-19 23:44:21,23,Facebook,8032,Sáb,112
ps_8995,2023-11-20 10:11:15,10,Facebook,3675,Dom,9
ps_35700,2023-11-20 19:59:09,19,Facebook,2982,Dom,103
ps_23115,2023-11-20 20:12:19,20,TikTok,3195,Dom,72
ps_5620,2023-11-23 04:43:00,4,Instagram,2679,Qua,41
ps_48110,2023-11-23 23:42:53,23,Facebook,5447,Qua,56
ps_49670,2023-11-24 04:00:10,4,Facebook,3448,Qui,71
ps_9660,2023-11-24 07:51:29,7,Facebook,3681,Qui,87
ps_32260,2023-11-24 07:52:03,7,Instagram,2702,Qui,49
ps_31725,2023-11-24 21:17:18,21,Instagram,525,Qui,56
ps_1965,2023-11-24 21:23:43,21,TikTok,4193,Qui,34
ps_12845,2023-11-24 22:01:24,22,TikTok,3831,Qui,60
ps_21825,2023-11-26 09:59:14,9,TikTok,2264,Sáb,21
ps_32020,2023-11-26 19:59:42,19,TikTok,3865,Sáb,47
ps_3205,2023-11-26 20:53:14,20,TikTok,3154,Sáb,67
ps_24510,2023-11-27 03:06:15,3,Instagram,5391,Dom,5
ps_35535,2023-11-27 09:31:17,9,TikTok,2382,Dom,2
ps_24790,2023-11-27 13:43:24,13,Facebook,4747,Dom,69
ps_16570,2023-11-27 16:30:07,16,Instagram,2019,Dom,6
ps_39215,2023-11-27 20:33:09,20,Facebook,5495,Dom,107
ps_3915,2023-11-28 10:59:12,10,TikTok,18554,Seg,71
ps_31730,2023-11-28 17:38:14,17,Facebook,7725,Seg,25
ps_28245,2023-11-29 10:54:32,10,Instagram,13906,Ter,66
ps_34350,2023-11-29 20:21:03,20,Instagram,7353,Ter,66
ps_37815,2023-11-30 05:07:07,5,Facebook,7516,Qua,15
ps_48170,2023-11-30 19:37:53,19,TikTok,4999,Qua,4
ps_30120,2023-12-01 02:09:06,2,Instagram,555,Qui,61
ps_3825,2023-12-01 14:34:24,14,Instagram,5496,Qui,66
ps_47575,2023-12-01 21:06:06,21,Facebook,3111,Qui,54
ps_39145,2023-12-02 10:00:10,10,Facebook,13028,Sex,45
ps_37660,2023-12-03 20:25:38,20,Instagram,6763,Sáb,85
ps_48515,2023-12-04 17:56:03,17,Instagram,5152,Dom,19
ps_43035,2023-12-04 23:57:03,23,TikTok,694,Dom,92
ps_28785,2023-12-07 03:22:52,3,Facebook,1188,Qua,71
ps_37975,2023-12-07 04:55:17,4,TikTok,3402,Qua,82
ps_18175,2023-12-08 02:37:46,2,TikTok,5010,Qui,5
ps_14510,2023-12-08 07:03:21,7,Instagram,1893,Qui,107
ps_21810,2023-12-08 16:07:49,16,Instagram,3208,Qui,85
ps_33915,2023-12-08 22:28:50,22,TikTok,2122,Qui,59
ps_1545,2023-12-08 23:10:58,23,Facebook,1992,Qui,39
ps_43150,2023-12-08 23:21:52,23,Facebook,998,Qui,8
ps_36575,2023-12-09 02:10:41,2,TikTok,18352,Sex,89
ps_34575,2023-12-09 07:52:57,7,Instagram,10613,Sex,69
ps_37215,2023-12-09 21:39:58,21,Instagram,13342,Sex,11
ps_8625,2023-12-10 10:06:10,10,Facebook,2014,Sáb,113
ps_22195,2023-12-10 10:18:14,10,TikTok,885,Sáb,89
ps_47455,2023-12-10 12:40:06,12,Instagram,3409,Sáb,105
ps_20695,2023-12-11 11:03:58,11,Facebook,4295,Dom,55
ps_5435,2023-12-11 11:18:14,11,Facebook,5709,Dom,37
ps_14110,2023-12-11 11:31:13,11,Instagram,1514,Dom,39
ps_46790,2023-12-14 09:55:53,9,Instagram,5284,Qua,93
ps_32280,2023-12-15 18:25:59,18,Instagram,2218,Qui,80
ps_17205,2023-12-17 02:28:38,2,TikTok,2966,Sáb,49
ps_27635,2023-12-17 08:04:00,8,Facebook,5188,Sáb,44
ps_47385,2023-12-17 20:12:00,20,TikTok,4095,Sáb,89
ps_50000,2023-12-18 23:15:36,23,Instagram,1692,Dom,10
ps_10675,2023-12-21 09:14:06,9,Instagram,2313,Qua,11
ps_19905,2023-12-21 09:16:47,9,Instagram,2677,Qua,57
ps_47275,2023-12-21 21:11:34,21,Facebook,912,Qua,46
ps_42395,2023-12-22 11:22:14,11,Facebook,4138,Qui,44
ps_9960,2023-12-23 02:24:25,2,Facebook,13591,Sex,48
ps_34325,2023-12-25 00:37:16,0,TikTok,1827,Dom,14
ps_24530,2023-12-25 03:05:28,3,Facebook,1470,Dom,53
ps_10205,2023-12-25 03:19:04,3,TikTok,3104,Dom,74
ps_18450,2023-12-25 10:26:05,10,TikTok,775,Dom,6
ps_11055,2023-12-25 23:01:21,23,Facebook,6904,Dom,89
ps_31175,2023-12-27 06:23:02,6,Facebook,3912,Ter,59
ps_49535,2023-12-28 03:38:02,3,Facebook,714,Qua,30
ps_29160,2023-12-29 00:26:17,0,Facebook,8807,Qui,45
ps_37235,2023-12-30 00:04:37,0,TikTok,21949,Sex,120
ps_43580,2023-12-31 07:46:43,7,Facebook,899,Sáb,64
ps_48680,2023-12-31 13:20:12,13,Facebook,660,Sáb,78
ps_20430,2023-12-31 14:20:54,14,Instagram,1579,Sáb,23
ps_49695,2023-12-31 14:26:28,14,Facebook,4955,Sáb,62
ps_40655,2023-12-31 23:08:23,23,TikTok,7315,Sáb,31
ps_46020,2024-01-01 15:11:27,15,TikTok,5397,Dom,50
ps_37705,2024-01-02 07:36:53,7,Facebook,13972,Seg,20
ps_27825,2024-01-03 09:23:11,9,TikTok,9761,Ter,26
ps_10710,2024-01-03 13:44:37,13,Instagram,10576,Ter,34
ps_34960,2024-01-04 01:14:29,1,Facebook,2340,Qua,3
ps_10215,2024-01-04 17:20:39,17,Facebook,4381,Qua,17
ps_26655,2024-01-04 18:43:23,18,Facebook,2124,Qua,39
ps_42585,2024-01-05 21:54:06,21,Facebook,5518,Qui,79
ps_33775,2024-01-07 14:32:13,14,Facebook,1605,Sáb,55
ps_17790,2024-01-08 08:46:31,8,TikTok,2983,Dom,6
ps_14900,2024-01-08 11:02:23,11,Instagram,1389,Dom,43
ps_23165,2024-01-08 14:47:42,14,Facebook,3002,Dom,10
ps_30650,2024-01-09 09:58:26,9,Facebook,6086,Seg,85
ps_31195,2024-01-11 15:27:17,15,TikTok,4126,Qua,112
ps_39860,2024-01-11 17:20:27,17,Instagram,3290,Qua,101
ps_18100,2024-01-12 02:51:31,2,TikTok,3094,Qui,17
ps_4265,2024-01-12 08:40:24,8,Instagram,1812,Qui,11
ps_10730,2024-01-13 00:41:00,0,Instagram,11495,Sex,73
ps_31050,2024-01-13 21:49:24,21,TikTok,4908,Sex,58
ps_21765,2024-01-14 02:23:03,2,Facebook,6631,Sáb,10
ps_29055,2024-01-14 05:04:11,5,Instagram,6288,Sáb,2
ps_32105,2024-01-14 23:29:08,23,Facebook,1327,Sáb,22
ps_19960,2024-01-17 13:33:08,13,Instagram,9325,Ter,28
ps_35485,2024-01-19 00:26:26,0,Instagram,698,Qui,17
ps_24955,2024-01-19 12:07:48,12,Instagram,1930,Qui,88
ps_27645,2024-01-19 19:19:01,19,Facebook,1580,Qui,91
ps_36150,2024-01-20 09:32:46,9,Facebook,6487,Sex,53
ps_45345,2024-01-20 17:20:04,17,TikTok,19678,Sex,34
ps_46160,2024-01-21 23:54:03,23,Instagram,4543,Sáb,30
ps_45515,2024-01-22 18:34:22,18,Facebook,5138,Dom,48
ps_36710,2024-01-22 18:59:33,18,Instagram,6811,Dom,69
ps_22565,2024-01-22 23:35:54,23,TikTok,1035,Dom,32
ps_12455,2024-01-23 23:47:36,23,Instagram,14172,Seg,26
ps_22905,2024-01-24 01:09:56,1,Instagram,7864,Ter,33
ps_16775,2024-01-24 06:27:58,6,Facebook,1954,Ter,42
ps_41755,2024-01-25 12:35:51,12,TikTok,1162,Qua,77
ps_23180,2024-01-26 18:16:46,18,TikTok,2047,Qui,44
ps_4465,2024-01-27 12:20:50,12,Instagram,6201,Sex,11
ps_22965,2024-01-28 21:28:33,21,Instagram,3487,Sáb,37
ps_49905,2024-01-30 06:54:09,6,TikTok,9720,Seg,6
ps_10835,2024-01-31 04:24:10,4,Instagram,8372,Ter,37
ps_49705,2024-02-01 10:08:56,10,Facebook,737,Qua,4
ps_29615,2024-02-01 18:32:55,18,TikTok,2079,Qua,2
ps_2640,2024-02-02 00:10:16,0,Facebook,5435,Qui,44
ps_19750,2024-02-02 12:08:33,12,Instagram,1355,Qui,7
ps_34450,2024-02-02 19:27:02,19,TikTok,2158,Qui,48
ps_3650,2024-02-04 05:42:50,5,Instagram,4881,Sáb,96
ps_20715,2024-02-09 06:50:50,6,TikTok,5590,Qui,39
ps_7060,2024-02-09 08:04:11,8,Facebook,4023,Qui,27
ps_30565,2024-02-09 11:16:45,11,TikTok,3241,Qui,62
ps_7585,2024-02-09 20:06:20,20,Facebook,4128,Qui,70
ps_7870,2024-02-10 11:02:41,11,Facebook,7978,Sex,69
ps_25995,2024-02-11 02:15:34,2,Facebook,5284,Sáb,43
ps_25050,2024-02-11 11:16:47,11,Facebook,691,Sáb,28
ps_23595,2024-02-11 11:44:30,11,TikTok,2165,Sáb,1
ps_33620,2024-02-11 11:53:43,11,TikTok,3089,Sáb,54
ps_46885,2024-02-12 00:54:03,0,Facebook,2226,Dom,67
ps_25250,2024-02-12 10:45:10,10,Instagram,3522,Dom,77
ps_2375,2024-02-13 06:02:28,6,Instagram,15157,Seg,56
ps_15970,2024-02-14 02:48:50,2,Facebook,2344,Ter,79
ps_20410,2024-02-15 09:25:12,9,Instagram,2568,Qua,23
ps_39625,2024-02-15 13:17:24,13,Facebook,2335,Qua,52
ps_18875,2024-02-15 16:03:08,16,TikTok,6098,Qua,67
ps_43625,2024-02-16 05:29:28,5,Facebook,2743,Qui,10
ps_42085,2024-02-16 19:34:17,19,Facebook,7185,Qui,31
ps_17370,2024-02-16 21:40:16,21,Instagram,3393,Qui,55
ps_37335,2024-02-18 06:38:26,6,Facebook,2649,Sáb,30
ps_13340,2024-02-18 23:03:34,23,Instagram,2156,Sáb,63
ps_9950,2024-02-19 11:03:10,11,TikTok,837,Dom,93
ps_13210,2024-02-19 20:52:12,20,TikTok,2354,Dom,14
ps_23110,2024-02-21 03:39:23,3,Facebook,16150,Ter,91
ps_25325,2024-02-22 08:20:49,8,Instagram,3952,Qua,69
ps_11145,2024-02-22 13:46:04,13,Instagram,2949,Qua,18
ps_40225,2024-02-25 01:36:10,1,Instagram,4426,Sáb,33
ps_34105,2024-02-26 00:41:06,0,TikTok,3970,Dom,52
ps_29840,2024-02-26 17:13:53,17,Facebook,4058,Dom,25
ps_48015,2024-02-28 13:04:37,13,TikTok,10376,Ter,83
ps_20940,2024-02-29 00:04:25,0,TikTok,2024,Qua,53
ps_32655,2024-02-29 19:37:30,19,Instagram,4896,Qua,65
ps_15095,2024-03-01 03:04:03,3,TikTok,1626,Qui,62
ps_2555,2024-03-01 14:33:03,14,TikTok,4221,Qui,94
ps_29415,2024-03-01 15:22:55,15,TikTok,1787,Qui,13
ps_48955,2024-03-01 15:52:04,15,Instagram,656,Qui,58
ps_3390,2024-03-01 21:44:03,21,Facebook,4563,Qui,91
ps_42830,2024-03-02 20:02:48,20,Instagram,8087,Sex,10
ps_28790,2024-03-03 07:17:43,7,Instagram,4183,Sáb,62
ps_49060,2024-03-03 08:35:16,8,TikTok,4542,Sáb,34
ps_25390,2024-03-05 15:57:59,15,Instagram,9458,Seg,12
ps_43265,2024-03-05 20:49:22,20,Instagram,17331,Seg,69
ps_35810,2024-03-07 20:41:33,20,Instagram,2447,Qua,92
ps_13985,2024-03-08 16:23:03,16,Instagram,1987,Qui,57
ps_24030,2024-03-09 06:04:51,6,Instagram,3176,Sex,19
ps_44510,2024-03-10 10:06:50,10,Facebook,612,Sáb,23
ps_14290,2024-03-10 15:31:04,15,Instagram,1585,Sáb,33
ps_36880,2024-03-11 05:55:44,5,Instagram,2223,Dom,54
ps_35080,2024-03-11 08:44:02,8,Instagram,4459,Dom,37
ps_9675,2024-03-11 15:09:09,15,TikTok,3193,Dom,24
ps_34900,2024-03-14 03:47:03,3,Instagram,1937,Qua,76
ps_43785,2024-03-14 10:14:13,10,Instagram,2044,Qua,72
ps_8850,2024-03-14 19:15:20,19,TikTok,5004,Qua,85
ps_46995,2024-03-15 02:29:24,2,Instagram,1160,Qui,35
ps_47605,2024-03-15 09:25:33,9,Instagram,3378,Qui,74
ps_42765,2024-03-15 23:51:30,23,Facebook,1127,Qui,52
ps_1055,2024-03-17 23:09:51,23,TikTok,4650,Sáb,1
ps_8240,2024-03-18 03:52:40,3,Facebook,2891,Dom,92
ps_9945,2024-03-18 12:38:24,12,Instagram,1598,Dom,56
ps_40845,2024-03-19 04:10:46,4,Instagram,9665,Seg,51
ps_44360,2024-03-20 07:37:37,7,Instagram,9320,Ter,51
ps_30065,2024-03-21 02:02:52,2,Facebook,6391,Qua,123
ps_4030,2024-03-21 02:42:29,2,Facebook,5602,Qua,51
ps_14020,2024-03-21 13:25:54,13,Instagram,5420,Qua,30
ps_34455,2024-03-21 20:46:37,20,Facebook,5635,Qua,126
ps_7955,2024-03-22 06:25:50,6,TikTok,2896,Qui,52
ps_13610,2024-03-22 12:50:07,12,Facebook,6535,Qui,76
ps_9110,2024-03-24 00:22:19,0,TikTok,2741,Sáb,71
ps_4390,2024-03-24 11:29:08,11,Facebook,1742,Sáb,51
ps_10150,2024-03-25 03:12:37,3,TikTok,2768,Dom,30
ps_45080,2024-03-25 12:09:59,12,Facebook,3515,Dom,46
ps_40960,2024-03-28 02:49:02,2,TikTok,4528,Qua,119
ps_18385,2024-03-29 07:45:02,7,Instagram,1782,Qui,29
ps_14380,2024-03-29 10:08:05,10,Instagram,2687,Qui,48
ps_23235,2024-03-30 06:51:05,6,TikTok,14221,Sex,17
ps_21350,2024-03-31 05:57:56,5,TikTok,1539,Sáb,67
ps_10460,2024-03-31 16:07:50,16,Instagram,3736,Sáb,23
ps_21150,2024-03-31 18:26:23,18,Facebook,2727,Sáb,55
ps_8010,2024-04-01 09:41:30,9,TikTok,521,Dom,28
ps_25680,2024-04-02 05:26:35,5,Instagram,12755,Seg,75
ps_32240,2024-04-02 22:48:19,22,Instagram,4498,Seg,9
ps_37725,2024-04-03 19:49:48,19,TikTok,6475,Ter,75
ps_34465,2024-04-04 06:02:04,6,Instagram,2874,Qua,5
ps_30985,2024-04-04 11:58:28,11,TikTok,1887,Qua,26
ps_30360,2024-04-04 14:02:43,14,Facebook,703,Qua,5
ps_36570,2024-04-04 23:19:30,23,Instagram,6165,Qua,40
ps_44080,2024-04-05 02:36:30,2,Instagram,1242,Qui,43
ps_33615,2024-04-05 22:03:16,22,Instagram,3584,Qui,58
ps_26235,2024-04-06 04:15:47,4,TikTok,12017,Sex,125
ps_28310,2024-04-07 10:35:19,10,Instagram,3317,Sáb,5
ps_3975,2024-04-07 23:28:19,23,Instagram,4014,Sáb,44
ps_25925,2024-04-08 01:07:44,1,Instagram,2622,Dom,54
ps_19190,2024-04-08 13:22:10,13,Instagram,3770,Dom,27
ps_5595,2024-04-08 16:56:18,16,Facebook,1018,Dom,34
ps_27420,2024-04-08 20:09:56,20,TikTok,961,Dom,41
ps_6585,2024-04-08 23:54:25,23,Facebook,4548,Dom,16
ps_9375,2024-04-10 00:19:29,0,Instagram,9304,Ter,65
ps_25230,2024-04-10 01:10:43,1,Facebook,14824,Ter,41
ps_7610,2024-04-11 13:26:33,13,Facebook,6075,Qua,16
ps_13000,2024-04-11 15:01:11,15,Instagram,4219,Qua,10
ps_31225,2024-04-11 23:23:20,23,Facebook,3161,Qua,45
ps_31470,2024-04-12 00:02:00,0,Facebook,1878,Qui,22
ps_21665,2024-04-12 21:03:41,21,TikTok,3114,Qui,22
ps_9560,2024-04-13 03:43:57,3,TikTok,3615,Sex,7
ps_36080,2024-04-13 05:07:10,5,TikTok,12301,Sex,109
ps_2880,2024-04-13 06:31:30,6,Instagram,8824,Sex,4
ps_39795,2024-04-15 02:48:41,2,TikTok,3295,Dom,85
ps_27550,2024-04-15 10:15:03,10,TikTok,3199,Dom,15
ps_34255,2024-04-17 06:04:33,6,Facebook,17445,Ter,95
ps_13275,2024-04-18 01:38:38,1,Facebook,4509,Qua,37
ps_15470,2024-04-18 07:50:16,7,Instagram,2589,Qua,33
ps_9120,2024-04-18 08:11:32,8,Instagram,2592,Qua,52
ps_47330,2024-04-19 02:37:29,2,TikTok,2025,Qui,47
ps_11420,2024-04-20 22:04:25,22,Facebook,14441,Sex,43
ps_45285,2024-04-20 22:40:22,22,Facebook,19655,Sex,72
ps_25880,2024-04-21 01:37:26,1,Facebook,6280,Sáb,24
ps_16920,2024-04-21 10:12:56,10,Instagram,5457,Sáb,15
ps_49445,2024-04-21 14:12:18,14,Instagram,2465,Sáb,69
ps_28775,2024-04-21 23:04:39,23,Facebook,1766,Sáb,52
ps_47565,2024-04-25 13:36:09,13,Facebook,1884,Qua,4
ps_3320,2024-04-26 00:54:49,0,Facebook,3820,Qui,44
ps_34875,2024-04-28 13:28:52,13,TikTok,3629,Sáb,4
ps_31045,2024-04-29 01:36:35,1,Instagram,1937,Dom,35
ps_7170,2024-04-29 03:35:31,3,Instagram,3568,Dom,99
ps_25010,2024-04-29 06:01:31,6,TikTok,5311,Dom,88
ps_8110,2024-04-29 11:57:30,11,Instagram,685,Dom,83
ps_36515,2024-04-29 23:09:49,23,Instagram,2909,Dom,111
ps_9635,2024-04-30 08:48:09,8,Instagram,15731,Seg,75
ps_36265,2024-05-01 01:02:53,1,Instagram,22391,Ter,24
ps_42645,2024-05-01 13:41:00,13,Instagram,2812,Ter,16
ps_33660,2024-05-02 00:16:26,0,TikTok,5677,Qua,54
ps_35345,2024-05-02 22:22:03,22,Instagram,4027,Qua,32
ps_49115,2024-05-03 06:17:02,6,Instagram,2479,Qui,71
ps_29975,2024-05-03 10:24:14,10,Instagram,626,Qui,63
ps_34235,2024-05-03 17:27:50,17,TikTok,1609,Qui,35
ps_32005,2024-05-03 17:47:31,17,Instagram,2646,Qui,8
ps_33240,2024-05-04 01:19:05,1,Facebook,12160,Sex,20
ps_9305,2024-05-05 11:56:15,11,Instagram,3337,Sáb,41
ps_17780,2024-05-06 03:44:43,3,Instagram,2777,Dom,47
ps_12160,2024-05-06 06:39:20,6,Facebook,3835,Dom,76
ps_18860,2024-05-07 20:37:12,20,Instagram,7431,Seg,42
ps_19910,2024-05-08 06:40:30,6,TikTok,7311,Ter,49
ps_9210,2024-05-08 20:45:07,20,TikTok,9851,Ter,10
ps_14545,2024-05-09 01:33:56,1,Instagram,3791,Qua,13
ps_4950,2024-05-09 10:07:45,10,Instagram,1946,Qua,68
ps_44305,2024-05-09 13:27:20,13,Instagram,4082,Qua,78
ps_15625,2024-05-10 01:20:20,1,Instagram,2004,Qui,62
ps_8830,2024-05-10 15:12:24,15,TikTok,3792,Qui,41
ps_26970,2024-05-10 21:48:12,21,TikTok,4393,Qui,97
ps_9030,2024-05-12 04:50:33,4,Instagram,2759,Sáb,52
ps_4110,2024-05-12 18:04:02,18,Instagram,660,Sáb,19
ps_4980,2024-05-13 14:52:29,14,Facebook,5619,Dom,4
ps_4415,2024-05-13 20:29:18,20,Instagram,4813,Dom,34
ps_47195,2024-05-14 05:45:40,5,Instagram,1558,Seg,68
ps_5130,2024-05-14 06:21:48,6,Instagram,2697,Seg,79
ps_14945,2024-05-15 07:02:55,7,Facebook,12216,Ter,20
ps_21830,2024-05-16 05:13:19,5,Instagram,1628,Qua,71
ps_32835,2024-05-16 18:36:48,18,Instagram,1207,Qua,27
ps_24480,2024-05-18 15:30:34,15,Instagram,4525,Sex,2
ps_3690,2024-05-19 06:34:04,6,Instagram,1707,Sáb,70
ps_43390,2024-05-19 21:36:59,21,Instagram,6376,Sáb,15
ps_11040,2024-05-20 04:50:08,4,Facebook,3253,Dom,87
ps_15080,2024-05-20 18:03:45,18,Instagram,503,Dom,25
ps_38545,2024-05-21 18:50:53,18,Facebook,15000,Seg,71
ps_19330,2024-05-23 04:16:04,4,Facebook,5464,Qua,47
ps_7695,2024-05-24 16:47:16,16,Facebook,6539,Qui,34
ps_16455,2024-05-24 23:36:26,23,Facebook,4394,Qui,114
ps_42510,2024-05-26 01:59:54,1,Facebook,1011,Sáb,16
ps_23350,2024-05-27 17:34:44,17,TikTok,7998,Dom,15
ps_26660,2024-05-27 17:58:31,17,TikTok,4278,Dom,58
ps_39555,2024-05-27 21:51:22,21,Instagram,3463,Dom,57
ps_40300,2024-05-29 08:25:37,8,Instagram,8752,Ter,0
ps_27540,2024-05-31 12:27:01,12,Instagram,2275,Qui,47
ps_1280,2024-06-01 00:09:46,0,Facebook,5659,Sex,31
ps_19215,2024-06-02 14:51:36,14,TikTok,5080,Sáb,7
ps_41505,2024-06-03 02:40:27,2,TikTok,2808,Dom,72
ps_24320,2024-06-03 06:25:20,6,Instagram,723,Dom,85
ps_24425,2024-06-03 14:17:51,14,Facebook,3818,Dom,72
ps_12760,2024-06-05 19:40:59,19,TikTok,5865,Ter,42
ps_13705,2024-06-06 00:51:53,0,Facebook,2356,Qua,39
ps_18620,2024-06-06 11:35:37,11,Instagram,4492,Qua,54
ps_49295,2024-06-06 13:51:06,13,Facebook,6024,Qua,16
ps_42915,2024-06-07 04:53:25,4,Instagram,2347,Qui,62
ps_38600,2024-06-08 04:27:30,4,TikTok,10325,Sex,61
ps_28470,2024-06-08 20:21:58,20,TikTok,7679,Sex,87
ps_5255,2024-06-09 03:40:44,3,Instagram,6402,Sáb,71
ps_6135,2024-06-09 14:26:24,14,Instagram,4058,Sáb,101
ps_28635,2024-06-09 20:47:59,20,TikTok,4545,Sáb,54
ps_6455,2024-06-11 23:31:24,23,TikTok,4836,Seg,40
ps_38360,2024-06-12 11:11:05,11,TikTok,10487,Ter,73
ps_38010,2024-06-13 00:09:45,0,Instagram,6577,Qua,29
ps_38770,2024-06-13 08:28:23,8,Instagram,2749,Qua,5
ps_37000,2024-06-13 21:42:47,21,TikTok,1638,Qua,26
ps_7820,2024-06-14 15:21:14,15,TikTok,6774,Qui,50
ps_45705,2024-06-15 22:58:39,22,TikTok,20491,Sex,80
ps_4305,2024-06-16 09:36:27,9,Instagram,639,Sáb,59
ps_40,2024-06-16 22:16:01,22,TikTok,2182,Sáb,80
ps_25625,2024-06-17 01:53:32,1,TikTok,5273,Dom,55
ps_35125,2024-06-19 19:28:11,19,Instagram,3313,Ter,73
ps_2885,2024-06-20 04:02:43,4,TikTok,3859,Qua,55
ps_21025,2024-06-20 07:17:21,7,Instagram,3795,Qua,4
ps_13975,2024-06-20 16:36:02,16,Facebook,5347,Qua,41
ps_42525,2024-06-20 16:54:53,16,Facebook,2201,Qua,79
ps_3305,2024-06-20 21:01:41,21,Facebook,5441,Qua,44
ps_37375,2024-06-21 23:53:43,23,Instagram,5017,Qui,25
ps_22480,2024-06-23 02:20:48,2,TikTok,2292,Sáb,69
ps_45440,2024-06-23 16:10:59,16,Instagram,4945,Sáb,72
ps_2760,2024-06-23 20:31:12,20,Instagram,3360,Sáb,35
ps_45890,2024-06-24 04:21:19,4,Facebook,5215,Dom,40
ps_24765,2024-06-24 12:16:56,12,Facebook,5014,Dom,70
ps_11225,2024-06-24 17:20:59,17,Facebook,2371,Dom,43
ps_34085,2024-06-24 21:27:35,21,Facebook,4240,Dom,98
ps_6700,2024-06-26 17:32:16,17,Facebook,18632,Ter,16
ps_11325,2024-06-26 20:01:00,20,TikTok,6620,Ter,54
ps_37945,2024-06-26 22:11:03,22,Facebook,16069,Ter,8
ps_15305,2024-06-27 08:49:23,8,Instagram,5422,Qua,3
ps_48805,2024-06-28 19:46:21,19,Instagram,5904,Qui,47
ps_34410,2024-06-28 21:27:25,21,TikTok,3836,Qui,91
ps_22445,2024-06-29 12:28:50,12,Instagram,3754,Sex,71
ps_31310,2024-06-29 14:14:17,14,Instagram,12667,Sex,104
ps_32410,2024-06-30 12:29:43,12,Instagram,3342,Sáb,13
ps_3635,2024-06-30 18:56:08,18,TikTok,5025,Sáb,23
ps_12270,2024-07-01 03:58:55,3,Instagram,1826,Dom,85
ps_14425,2024-07-01 11:10:24,11,Facebook,2367,Dom,19
ps_49650,2024-07-04 04:24:43,4,TikTok,6189,Qua,27
ps_7865,2024-07-04 09:41:52,9,Facebook,1191,Qua,58
ps_47660,2024-07-04 16:32:30,16,TikTok,1640,Qua,8
ps_24055,2024-07-04 21:33:10,21,TikTok,1308,Qua,25
ps_9500,2024-07-05 02:14:53,2,Facebook,1500,Qui,31
ps_30610,2024-07-05 05:55:10,5,Instagram,1095,Qui,26
ps_1110,2024-07-05 18:19:11,18,Facebook,3468,Qui,132
ps_4780,2024-07-07 02:32:34,2,Instagram,4214,Sáb,53
ps_13130,2024-07-08 09:01:32,9,Facebook,2780,Dom,10
ps_29655,2024-07-08 10:41:57,10,TikTok,3595,Dom,43
ps_4815,2024-07-09 20:42:40,20,Instagram,7102,Seg,61
ps_48655,2024-07-10 22:17:28,22,Instagram,3172,Ter,20
ps_3090,2024-07-11 06:26:36,6,Instagram,3596,Qua,2
ps_9475,2024-07-11 12:19:59,12,TikTok,2688,Qua,30
ps_9570,2024-07-13 02:14:56,2,Facebook,2679,Sex,15
ps_3135,2024-07-13 15:03:57,15,Facebook,14921,Sex,14
ps_6990,2024-07-13 23:24:40,23,Instagram,1552,Sex,56
ps_6550,2024-07-14 19:48:23,19,TikTok,7038,Sáb,117
ps_34115,2024-07-14 23:10:49,23,Facebook,2788,Sáb,28
ps_550,2024-07-15 01:56:09,1,Facebook,4377,Dom,6
ps_13270,2024-07-15 04:54:32,4,Facebook,2096,Dom,62
ps_24975,2024-07-15 05:44:06,5,TikTok,2263,Dom,53
ps_5065,2024-07-18 05:29:16,5,Facebook,4000,Qua,78
ps_31785,2024-07-18 19:08:36,19,TikTok,2427,Qua,47
ps_4740,2024-07-18 19:23:35,19,Facebook,4749,Qua,66
ps_6510,2024-07-19 05:32:00,5,TikTok,1168,Qui,36
ps_2150,2024-07-19 13:35:21,13,TikTok,4331,Qui,10
ps_10125,2024-07-19 21:14:06,21,Facebook,3656,Qui,26
ps_27570,2024-07-21 00:01:43,0,TikTok,2085,Sáb,20
ps_34610,2024-07-21 17:10:20,17,TikTok,5928,Sáb,56
ps_37720,2024-07-22 06:57:49,6,Facebook,754,Dom,23
ps_31845,2024-07-25 05:41:55,5,TikTok,5101,Qua,51
ps_20815,2024-07-25 06:48:58,6,Facebook,3011,Qua,48
ps_21820,2024-07-25 15:49:42,15,TikTok,2412,Qua,59
ps_41830,2024-07-25 17:21:53,17,Instagram,2903,Qua,54
ps_1870,2024-07-27 03:16:52,3,TikTok,2638,Sex,82
ps_31200,2024-07-28 04:29:07,4,TikTok,1720,Sáb,41
ps_14565,2024-07-28 07:30:14,7,TikTok,2277,Sáb,9
ps_35005,2024-07-28 11:16:18,11,Instagram,1126,Sáb,38
ps_3105,2024-07-28 16:50:21,16,Facebook,1478,Sáb,32
ps_1995,2024-07-28 21:07:47,21,Instagram,3524,Sáb,56
ps_14905,2024-07-29 03:15:35,3,TikTok,1148,Dom,37
ps_8655,2024-07-30 21:43:05,21,Instagram,15960,Seg,28
ps_4790,2024-07-31 09:11:17,9,TikTok,5457,Ter,56
ps_41995,2024-08-01 22:06:37,22,Instagram,2535,Qua,10
ps_40585,2024-08-01 22:58:43,22,Instagram,3993,Qua,110
ps_35465,2024-08-04 06:53:22,6,Instagram,3092,Sáb,97
ps_12200,2024-08-04 17:42:03,17,Facebook,3378,Sáb,63
ps_19170,2024-08-04 21:27:09,21,TikTok,1921,Sáb,10
ps_13565,2024-08-04 22:43:18,22,Facebook,3488,Sáb,70
ps_35035,2024-08-05 13:47:27,13,TikTok,4620,Dom,22
ps_11195,2024-08-05 18:09:39,18,Facebook,5267,Dom,59
ps_5845,2024-08-05 19:04:13,19,Facebook,1120,Dom,61
ps_18785,2024-08-05 23:21:19,23,Facebook,5471,Dom,13
ps_39210,2024-08-07 19:33:04,19,Facebook,16925,Ter,93
ps_2945,2024-08-08 04:00:37,4,Facebook,4258,Qua,60
ps_13110,2024-08-08 09:16:51,9,TikTok,2894,Qua,41
ps_30720,2024-08-09 09:47:04,9,Facebook,1921,Qui,49
ps_42060,2024-08-10 18:07:22,18,TikTok,18274,Sex,36
ps_1155,2024-08-11 15:12:20,15,Instagram,4888,Sáb,68
ps_10500,2024-08-12 12:51:25,12,Facebook,3136,Dom,23
ps_37665,2024-08-13 05:18:49,5,TikTok,2057,Seg,78
ps_47960,2024-08-15 14:29:02,14,TikTok,5030,Qua,72
ps_4705,2024-08-15 16:03:32,16,TikTok,1276,Qua,72
ps_46190,2024-08-15 22:52:01,22,Facebook,4100,Qua,44
ps_37020,2024-08-16 09:21:01,9,TikTok,1562,Qui,32
ps_14505,2024-08-16 16:08:36,16,TikTok,1783,Qui,32
ps_9845,2024-08-16 16:25:12,16,Instagram,7936,Qui,80
ps_11780,2024-08-18 01:56:38,1,TikTok,3819,Sáb,63
ps_29470,2024-08-18 09:54:31,9,Instagram,1195,Sáb,64
ps_650,2024-08-18 13:08:31,13,Instagram,1395,Sáb,100
ps_17100,2024-08-18 14:08:17,14,Instagram,2168,Sáb,46
ps_14715,2024-08-19 12:06:58,12,Facebook,1667,Dom,63
ps_34370,2024-08-19 21:12:02,21,TikTok,4267,Dom,40
ps_27195,2024-08-20 10:27:22,10,Facebook,15236,Seg,96
ps_12235,2024-08-20 17:25:10,17,Instagram,5047,Seg,80
ps_22545,2024-08-20 21:08:03,21,TikTok,9993,Seg,54
ps_5635,2024-08-22 17:11:33,17,Instagram,5677,Qua,29
ps_16800,2024-08-22 22:25:48,22,Facebook,6185,Qua,100
ps_26335,2024-08-23 05:22:31,5,Facebook,5229,Qui,51
ps_6095,2024-08-23 11:34:55,11,Instagram,4803,Qui,79
ps_2305,2024-08-23 19:50:10,19,Instagram,3357,Qui,53
ps_14825,2024-08-24 17:44:59,17,TikTok,3512,Sex,28
ps_22730,2024-08-25 03:30:50,3,TikTok,3854,Sáb,59
ps_18610,2024-08-25 16:43:29,16,TikTok,3800,Sáb,59
ps_5870,2024-08-25 17:12:24,17,Instagram,3835,Sáb,44
ps_26445,2024-08-28 17:20:12,17,Instagram,8343,Ter,36
ps_210,2024-08-28 21:37:25,21,Facebook,5918,Ter,36
ps_30295,2024-08-30 22:41:41,22,TikTok,6469,Qui,22
ps_34490,2024-08-31 07:18:48,7,Facebook,4501,Sex,74
ps_38920,2024-08-31 22:58:44,22,TikTok,12544,Sex,30
ps_32465,2024-09-01 07:45:57,7,Facebook,3021,Sáb,44
ps_6615,2024-09-01 14:19:09,14,TikTok,2833,Sáb,39
ps_28030,2024-09-02 00:05:32,0,TikTok,1466,Dom,44
ps_40760,2024-09-02 00:33:04,0,Facebook,1232,Dom,57
ps_46360,2024-09-02 09:46:58,9,TikTok,4411,Dom,35
ps_38885,2024-09-05 04:41:37,4,TikTok,2126,Qua,58
ps_39135,2024-09-05 19:30:49,19,Facebook,3448,Qua,47
ps_26320,2024-09-06 02:13:46,2,Instagram,3142,Qui,41
ps_43700,2024-09-06 03:21:43,3,Instagram,2760,Qui,28
ps_3010,2024-09-06 12:43:20,12,Instagram,4533,Qui,8
ps_43865,2024-09-06 20:56:12,20,TikTok,1417,Qui,38
ps_17615,2024-09-07 06:20:13,6,TikTok,9486,Sex,68
ps_6800,2024-09-08 18:15:27,18,Instagram,5697,Sáb,61
ps_21245,2024-09-09 02:18:08,2,Facebook,1565,Dom,0
ps_12875,2024-09-09 15:23:17,15,Facebook,1922,Dom,39
ps_37010,2024-09-09 16:17:26,16,Instagram,823,Dom,31
ps_5895,2024-09-09 21:01:16,21,Facebook,1052,Dom,27
ps_28040,2024-09-13 11:32:07,11,TikTok,4818,Qui,62
ps_11690,2024-09-13 17:06:21,17,Facebook,3343,Qui,78
ps_32065,2024-09-13 18:21:09,18,Facebook,4738,Qui,48
ps_12090,2024-09-16 01:41:43,1,Instagram,2660,Dom,20
ps_19220,2024-09-16 06:05:39,6,TikTok,4985,Dom,22
ps_16685,2024-09-16 17:35:34,17,Facebook,2472,Dom,77
ps_30585,2024-09-17 23:55:20,23,Instagram,12742,Seg,63
ps_19495,2024-09-19 05:55:41,5,Instagram,5012,Qua,3
ps_20275,2024-09-19 09:45:14,9,Instagram,2215,Qua,36
ps_14955,2024-09-19 10:08:30,10,Instagram,6084,Qua,73
ps_45850,2024-09-19 23:33:07,23,TikTok,3660,Qua,65
ps_500,2024-09-20 01:06:03,1,Instagram,4893,Qui,18
ps_10680,2024-09-20 10:00:01,10,Instagram,5935,Qui,94
ps_16370,2024-09-20 10:08:52,10,Facebook,2179,Qui,65
ps_29605,2024-09-20 11:10:49,11,Instagram,1314,Qui,100
ps_9690,2024-09-21 05:02:16,5,Instagram,4451,Sex,19
ps_12735,2024-09-22 04:18:57,4,TikTok,1792,Sáb,12
ps_37540,2024-09-22 06:38:34,6,Instagram,801,Sáb,1
ps_40275,2024-09-23 02:29:42,2,Facebook,4901,Dom,52
ps_45385,2024-09-23 14:35:05,14,TikTok,3516,Dom,87
ps_15350,2024-09-23 21:48:54,21,Instagram,1714,Dom,3
ps_11435,2024-09-26 09:41:25,9,Instagram,2248,Qua,51
ps_12920,2024-09-26 14:39:23,14,Facebook,5368,Qua,79
ps_19265,2024-09-26 16:40:01,16,TikTok,7810,Qua,68
ps_740,2024-09-26 20:15:24,20,TikTok,660,Qua,55
ps_7620,2024-09-27 02:18:07,2,TikTok,1499,Qui,110
ps_9425,2024-09-27 08:10:00,8,Facebook,1265,Qui,78
ps_13675,2024-09-27 08:43:03,8,Instagram,4620,Qui,54
ps_10935,2024-09-27 09:26:50,9,Instagram,1591,Qui,31
ps_29005,2024-09-27 19:31:11,19,TikTok,2305,Qui,99
ps_45220,2024-09-29 10:16:00,10,Facebook,2088,Sáb,89
ps_46410,2024-09-30 00:17:07,0,TikTok,1187,Dom,70
ps_30395,2024-09-30 18:38:04,18,TikTok,541,Dom,10
ps_45375,2024-09-30 19:38:59,19,Facebook,4656,Dom,118
ps_40675,2024-10-01 19:17:36,19,Facebook,19539,Seg,8
ps_24280,2024-10-02 04:13:16,4,Instagram,25886,Ter,114
ps_1180,2024-10-03 17:17:05,17,Facebook,4058,Qua,75
ps_5835,2024-10-03 21:39:02,21,Instagram,1118,Qua,64
ps_21695,2024-10-04 06:00:25,6,Instagram,1854,Qui,54
ps_7450,2024-10-04 07:42:31,7,Instagram,1517,Qui,23
ps_6570,2024-10-04 09:00:58,9,Instagram,2861,Qui,96
ps_5465,2024-10-05 18:02:36,18,Instagram,16489,Sex,83
ps_39400,2024-10-06 06:04:07,6,Facebook,4424,Sáb,55
ps_11610,2024-10-06 08:45:19,8,Instagram,1922,Sáb,69
ps_38675,2024-10-06 12:40:20,12,TikTok,1143,Sáb,70
ps_37600,2024-10-06 21:09:04,21,TikTok,1543,Sáb,15
